Pratique ou particularité	Site	Description	Thème	Type de pratiques	Intervention	Technologie et outil	Participation des proches	Participation des jeunes 	Partenariat	Promotion et outreach	Données	Modalité d'accès	Pair aidance 	Effets des services	Santé physique	Accessibilité	Répondre aux besoins	Équité	Soutenir les proches	Pouvoir d'agir 	Confiance	Coordination et continuité	Adaptation territoriale	Doc	Affiche	Recherche	Guide Aire ouverte associé (réalisé par l'équipe)
Partage avec un partenaire d'un pair-aidant LGBTQ+ 	01-BSL	Un pair-aidant LGBTQ+ reconnu comme membre à part entière de l’équipe partage son temps entre Aire ouverte et un organisme partenaire, assumant des rôles d’accueil, d’animation des groupes d'échange (Safe Spaces), de participation aux comités d’inclusion et d’accompagnement individuel.	Pair-aidance		X			X	X			X	X			X				X	X				https://projetaire.com/wp-content/uploads/2026/06/14.pdf	https://link.springer.com/article/10.1007/s13178-024-00968-7	https://espace.enap.ca/id/eprint/529/1/goyette_m_trousse_aire_ouverte2_20240920.pdf
Fond de dépannage d'un partenaire	01-BSL	Un fonds de dépannage, en collaboration avec un partenaire, permet de répondre à des besoins ponctuels et spécifiques de jeunes en difficulté, en finançant ce que les ressources habituelles ne couvrent pas, afin de soutenir leur transition vers l’autonomie et de favoriser leur bien-être.	Dépannage		X												X	X		X		X			https://projetaire.com/wp-content/uploads/2026/06/14.pdf		
Appel à projet annuel pour les partenaires	01-BSL	Mise en place d’un appel à projets annuel, réservé aux organismes communautaires, pour financer des initiatives répondant aux priorités identifiées pour les jeunes du territoire. La sélection des projets implique les partenaires et le comité des jeunes, et l’équipe Aire ouverte soutient ensuite les organismes dans la recherche d’autres sources de financement afin de favoriser la pérennité des projets.	Budget partenariat					X	X								X								https://projetaire.com/wp-content/uploads/2026/06/14.pdf		https://espace.enap.ca/id/eprint/531/1/goyette_m_trousse_aire_ouverte4_20240920.pdf
Frigo partagé dans le local Aire ouverte	01-BSL	Présence dans le local Aire ouverte d'un frigo partagé géré par un partenaire communautaire, ce qui favorise l’accès à de l’aide alimentaire tout en créant un point d’entrée vers le service, en rejoignant des personnes vulnérables qui n’auraient peut-être pas consulté autrement.	Dépannage		X				X			X															
Projet de zoothérapie avec un partenaire	01-BSL	Aire ouverte finance des blocs d’activités animés par une intervenante accréditée en zoothérapie à un organisme communautaire partenaire, qui intervient dans les écoles, les centres de réadaptation et à Aire ouverte.	Intervention ludique		X				X												X				https://projetaire.com/wp-content/uploads/2026/06/14.pdf	https://constellation.uqac.ca/id/eprint/2403/	
Atelier de peinture	01-BSL	Activité artistique encadrée par un artiste, qui favorise l’expression de soi et la socialisation en douceur, particulièrement appréciée par les jeunes plus anxieux.	Intervention ludique		X				X							X					X					https://acamh.onlinelibrary.wiley.com/doi/abs/10.1111/jcpp.13900	
Atelier de boxe	01-BSL	Activité physique encadrée axée sur la gestion des émotions, particulièrement bénéfique pour les jeunes en unité de réadaptation, avec une approche indirecte d’intervention.	Intervention ludique		X										X											https://journals.sagepub.com/doi/full/10.1177/15248380231218293	
Explore ton sport	01-BSL	Activité mensuelle de découverte sportive (escalade, soccer, etc.) qui rend accessibles des sports parfois coûteux, tout en promouvant les saines habitudes de vie.	Intervention ludique		X							X			X	X		X		X							
Visites d’une coiffeuse	01-BSL	Atelier ponctuel avec une coiffeuse et une infirmière, permettant soins esthétiques et discussions sur l’hygiène (soins de peau) et l’image de soi.	Intervention ludique		X				X						X						X						
Calendrier mensuel des activités 	01-BSL	Aire ouverte publie chaque mois un calendrier d’activités variées, adaptées aux intervenants disponibles et aux intérêts des jeunes (choix avec le comité des jeunes), visant un objectif éducatif, ainsi que la socialisation, la prévention et la promotion des saines habitudes de vie.	Intervention ludique		X	X			X								X				X	X					https://espace.enap.ca/id/eprint/531/1/goyette_m_trousse_aire_ouverte4_20240920.pdf
Groupe d'échange pour les LGBTQ+ / TSA	01-BSL	Des groupes d'échange (Safe Spaces) sont offerts pour les personnes LGBTQ+ et les adultes ayant un TSA, favorisant la socialisation entre pairs, la réduction de l’isolement et l’échange d’expériences positives, dans un cadre soutenu mais principalement autogéré.	LGBTQ+		X			X									X	X			X						
Dépistage de masse : Dépiste and Chill 	02-SLSJ	Dépiste and Chill est une activité de dépistage de masse organisée généralement sur l’heure du midi dans les écoles et centres de formation, où les jeunes peuvent se faire dépister facilement et sans rendez-vous, dans une ambiance détendue avec de la sensibilisation, et parfois même de la nourriture ou des activités ludiques pour rendre le tout plus agréable et accessible.	Clinique mobile		X				X	X					X						X		X		https://projetaire.com/wp-content/uploads/2026/06/19.pdf	https://pubmed.ncbi.nlm.nih.gov/31789096/	
Babillard thématique	02-SLSJ	Le babillard thématique est un outil coconstruit par l’équipe et mis en place dans le local d'Aire ouverte pour présenter chaque mois une thématique différente, accompagnée de ressources visuelles, d’outils créés ou adaptés par l’équipe, et souvent liée à des ateliers ou partenariats, dans le but d’informer et de répondre aux besoins actuels des jeunes.	Promotion des services			X			X								X					X					
Soirées dansantes 12 à 17 ans 	02-SLSJ	La soirée dansante 12-17 ans est un événement festif récurrent organisé par un comité de partenaires de la RLS auquel AO participe. Elle vise à permettre aux jeunes de briser l’isolement, de socialiser, de danser et de s’amuser dans un cadre sécuritaire, avec transport organisé depuis les villages avoisinants.	Événement						X	X						X											
Boite à suggestions	02-SLSJ	La boîte à suggestions est un outil utilisé lors d’activités et kiosques pour recueillir les réponses des jeunes à une question ciblée, puis ces informations sont compilées dans une base de données et discutées avec les comités de jeunes et de proches pour orienter et adapter les services offerts.	Questionnaire de satisfaction			X		X			X						X										https://espace.enap.ca/id/eprint/531/1/goyette_m_trousse_aire_ouverte4_20240920.pdf
Questionnaire de satisfaction maison	02-SLSJ	Un questionnaire de satisfaction maison a été développé spécialement pour Aire ouverte. Il remplace le questionnaire standardisé et fonctionne depuis deux ans afin de recueillir les retours des jeunes, d’évaluer la qualité des services et de guider les améliorations.	Questionnaire de satisfaction			X		X			X																https://espace.enap.ca/id/eprint/531/1/goyette_m_trousse_aire_ouverte4_20240920.pdf
Comité des proches	02-SLSJ	Le comité de proches, composé d’environ 11 membres recrutés grâce à la mobilisation des contacts de l'équipe, la publicité sur les réseaux sociaux et le soutien d’un organisateur communautaire, a été mis en place pour offrir un rôle consultatif et agir comme relais pour promouvoir et démystifier les services d’Aire ouverte dans la communauté.	Comité des proches				X			X									X		X						https://espace.enap.ca/id/eprint/531/1/goyette_m_trousse_aire_ouverte4_20240920.pdf
Agents de liaison	03-CN	Agents de liaison (2) qui font les ponts entre les jeunes, les organismes communautaires, le réseau de la santé traditionnel et Aire ouverte.	Liaison partenaire						X							X						X	X			https://www.tandfonline.com/doi/full/10.1080/02673843.2024.2387080	
Clinique de dépistage mobile/sensibilisation ITSS	03-CN	Des équipes de soins infirmiers mobiles se déplacent dans les milieux fréquentés par les jeunes pour effectuer des dépistages. Dans certains cas, ces interventions sont complétées par un atelier sur la sexualité.	Clinique mobile			X			X	X					X								X				
“Booking” pour la prise de rendez-vous	03-CN	Utilisation de la fonction “Booking” de Microsoft pour une prise de rendez-vous plus facile et mieux adaptée à la réalité des jeunes.	Prise de rendez-vous			X						X				X									https://projetaire.com/wp-content/uploads/2026/06/11.pdf		
Trajectoire pour l'accès à une IPS	03-CN	Trajectoires de collaboration avec des équipes spécialisées en santé mentale et en soins infirmiers spécialisés (IPS), afin de faciliter l’accès aux services pour les jeunes, même si ces partenariats restent ponctuels et parfois difficiles à entretenir de façon continue.	Infirmière practicienne spécialisée						X			X			X	X						X					
Intervenant pivot dans les organismes	03-CN	Désignation d’une personne de contact (« pivot ») dans certains organismes partenaires (ex. : Carrefour jeunesse-emploi) pour faciliter les échanges et références entre Aire ouverte et le partenaire.	Liaison partenaire						X			X										X					
Point de service dans un centre d'achat	03-CN	Site satellite situé dans un centre d’achat, ouvert une journée par semaine, qui sert surtout de lieu de visibilité et de repérage pour rejoindre des jeunes très présents dans ce secteur et confrontés à un fort absentéisme scolaire.	Local Aire ouverte							X		X				X							X				
Horaire codéterminé	03-CN	Horaire d’ouverture conçu de façon participative avec les jeunes et les partenaires, puis ajusté à plusieurs reprises en fonction de l’achalandage réel, des capacités de l’équipe et des exigences ministérielles.	Horaire					X	X			X				X							X				https://espace.enap.ca/id/eprint/531/1/goyette_m_trousse_aire_ouverte4_20240920.pdf
Co-création de projets et d’activités impulsées par les jeunes	04-MCQ	Les jeunes contribuent à orienter les activités mises en œuvre à Aire ouverte selon les réalités et priorités de leur territoire. Par exemple, à Shawinigan, les activités prennent davantage une couleur liée à la santé mentale et à l’expression artistique, tandis qu’à Drummondville, elles s’orientent davantage vers la revendication et la défense des droits.	Comité des jeunes		X		 	X				X								X			X		https://projetaire.com/wp-content/uploads/2026/06/03.pdf		https://espace.enap.ca/id/eprint/531/1/goyette_m_trousse_aire_ouverte4_20240920.pdf
“Booking” pour la prise de rendez-vous	04-MCQ	Utilisation de la fonction “Booking” de Microsoft pour une prise de rendez-vous plus facile et mieux adaptée à la réalité des jeunes.	Prise de rendez-vous			X						X				X											
Implication dynamique et diversifiée des jeunes dans la gouvernance	04-MCQ	Gouvernance où les jeunes s’impliquent de manière progressive et souple, mobilisant une diversité de profils et d’expériences, ce qui améliore la représentativité, l’influence et la vitalité des instances de gouvernance.	Comité des jeunes					X										X		X	X				https://projetaire.com/wp-content/uploads/2026/06/03.pdf		
Implication des jeunes dans les communications	04-MCQ	Les jeunes du comité participent à la création, à la validation et à la diffusion régulière de contenus sur les réseaux sociaux, et négocient avec le service des communications du CIUSSS.	Comité des jeunes					X	X								X			X	X				https://projetaire.com/wp-content/uploads/2026/06/03.pdf		
Cogestion des budgets partenariats	04-MCQ	Mobilisation d’une large diversité de partenaires pour définir les critères, analyser les projets et décider de l’utilisation des fonds (100 000$) de manière partagée, non hiérarchique et orientée vers les besoins des jeunes.	Budget partenariat						X								X					X					
Téléintervention 	04-MCQ	Possibilité de fixer un rendez-vous en téléintervention avec les intervenants psychosociaux dans les heures habituelles.	Téléintervention		X	X						X											X			https://pmc.ncbi.nlm.nih.gov/articles/PMC8398756/	
Groupe d'entraide entourage (parents)	04-MCQ	Groupe fermé de soutien et éducation en 5 rencontres sur des thèmes spécifiques comme l’autonomie des jeunes, les droits des parents et la transition vers la vie adulte, issus directement des besoins exprimés par les familles.	Proches		X		X												X	X							
Membre du personnel dédié à la participation des jeunes	06-NIM	Un membre du personnel au profil communautaire chapeaute les instances jeunesse.  Son rôle est transversal et cette personne  est très investie. 	Comité des jeunes					X									X				X	X					
Jeunes ambassadeurs formés (pair-entraidant)	06-NIM	Des jeunes, la plupart du temps anciens usagers d'Aire ouverte, sont formés pour faire la promotion du programme auprès d'autres jeunes. Les jeunes ambassadeurs contribuent ainsi à rendre Aire ouverte plus visible, plus accessible et plus crédible auprès de leurs pairs.	Pair-aidance					X		X			X			X				X					https://projetaire.com/wp-content/uploads/2026/06/09.pdf	https://eric.ed.gov/?id=EJ944548	"https://espace.enap.ca/id/eprint/529/1/goyette_m_trousse_aire_ouverte2_20240920.pdf
https://espace.enap.ca/id/eprint/531/1/goyette_m_trousse_aire_ouverte4_20240920.pdf"
Gouvernance jeunesse autour du double dispositif “Comité de jeunes” + “comité de jeunes pair-entraidant” 	06-NIM	Deux instances jeunesse complémentaires coexistent : un comité consultatif où les jeunes donnent leur avis sur les services, et un comité de jeunes pairs-entraidants formés pour promouvoir AO auprès d’autres jeunes lors de kiosques, ateliers, présentations ou sur les réseaux sociaux.	Pair-aidance					X		X			X			X				X					https://projetaire.com/wp-content/uploads/2026/06/09.pdf		https://espace.enap.ca/id/eprint/531/1/goyette_m_trousse_aire_ouverte4_20240920.pdf
Structure d’emploi innovante : jeunes rémunérés via un organisme 	06-NIM	Un montant est octroyé à un organisme partenaire afin de contourner l’impossibilité de rémunérer directement les jeunes. L’organisme les embauche ensuite par contrat pour leur permettre de participer à des activités de promotion, de kiosques ou d’ateliers.	Pair-aidance					X	X				X			X											https://espace.enap.ca/id/eprint/531/1/goyette_m_trousse_aire_ouverte4_20240920.pdf
Arrimage territorial : tables de concertation d’arrondissement	06-NIM	Participation aux tables de concertation d’arrondissement où les acteurs communautaires partagent les enjeux du territoire et coordonnent leurs actions.	Espace de concertation						X													X	X				
Mécanisme RSIJ : appel à projets 	06-NIM	Gestion d’un programme local de financement comprenant un appel à projets, la sélection des organismes, l’octroi des contrats et un accompagnement continu des projets financés. Les jeunes peuvent être intégrés au comité de sélection.	Budget partenariat					X	X													X	X				
Création du poste SAC pair aidant	06-OMTL	Création d’un poste de spécialiste en activités cliniques pour l'encadrement, le soutien et  la coordination des pairs aidants.	Pair-aidance										X				X			X	X	X			https://projetaire.com/wp-content/uploads/2026/06/06.pdf		https://espace.enap.ca/id/eprint/529/1/goyette_m_trousse_aire_ouverte2_20240920.pdf
Intégration d’un médecin de famille 	06-OMTL	Intégration d’un médecin de famille au sein de l’équipe afin de faciliter l’accès à l’évaluation médicale, au diagnostic et à l’amorce des traitements pour les jeunes.	Médecin		X							X			X	X	X					X			https://projetaire.com/wp-content/uploads/2026/04/Affiches-journee-communaute-apprenante.pdf	https://projetaire.com/wp-content/uploads/2026/04/Promouvoir-les-services-integres-pour-les-jeunes_Le-role-des-medecins-de-famille-dans-un-service-urbain-multidisciplinaire.pdf	
Intégration d'IPS	06-OMTL	Présence d’infirmières praticiennes spécialisées au sein de l’équipe afin de soutenir l’évaluation, le suivi clinique et l’accès aux soins de première ligne.	Infirmière practicienne spécialisée		X										X		X					X					
Dépistage “intégré” de masse 	06-OMTL	Organisation de services de dépistage et d’intervention multidisciplinaires afin de simplifier les trajectoires de soins des jeunes présentant des besoins multiples.	Clinique mobile		X				X	X		X			X	X	X					X				https://pubmed.ncbi.nlm.nih.gov/31789096/	
Participation des pairs aidants à l’accueil et à l’accompagnement des jeunes	06-OMTL	Participation des pairs aidants aux premières étapes du parcours de services afin de favoriser l’accueil, l’engagement et l’établissement d’un lien de confiance avec les jeunes.	Pair-aidance		X							X	X			X	X			X	X				https://projetaire.com/wp-content/uploads/2026/06/06.pdf	https://canjhealthtechnol.ca/index.php/cjht/article/view/HT0036/HT0036	https://espace.enap.ca/id/eprint/529/1/goyette_m_trousse_aire_ouverte2_20240920.pdf
Sous-équipe quartier	06-COMTL	Répartition territoriale des intervenants par quartier pour soutenir la continuité des partenariats et l’adaptation des interventions aux réalités locales.	Assignation territoriale						X	X		X				X	X				X	X	X				
Pratique infirmière communautaire et psychosociale	06-COMTL	Déploiement d’une pratique infirmière large qui intègre des activités de santé, des interventions psychosociales et une présence dans les milieux communautaires.	Approche d'intervention		X				X	X		X			X	X						X	X				
Cohésion interdisciplinaire co-construite des rôles 	06-COMTL	Mise en place d’un leadership clinique qui favorise la co-construction des rôles, la collaboration interdisciplinaire et le développement d’une pratique commune centrée sur les besoins des jeunes.	Soutien clinique						X								X					X					
Comité de jeune actif et reconnu, et protégé 	06-COMTL	Mise en place d’un comité de jeunes qui participe à la co-construction des activités et des orientations du service, dans un cadre favorisant une participation volontaire, reconnue et significative.	Comité des jeunes					X									X			X	X				https://projetaire.com/wp-content/uploads/2026/06/07.pdf		https://espace.enap.ca/id/eprint/531/1/goyette_m_trousse_aire_ouverte4_20240920.pdf
Adaptation culturelle	06-COMTL	Intégration d’une approche culturellement adaptée dans les interventions, les partenariats et l’organisation des services afin de répondre à la diversité des réalités des jeunes du territoire.	Adaptation culturelle		X				X			X				X	X	X					X				
Impliquer les traducteurs	06-CCS	Collaboration avec le service de traduction de l’établissement afin de faciliter l’accueil et l’accès aux services pour les jeunes issus de communautés culturelles présentes sur le territoire. Cette collaboration est mobilisée notamment dans la salle d’attente, afin de réduire les barrières linguistiques, soutenir la compréhension des services et favoriser un premier contact plus sécurisant.	Adaptation culturelle						X			X				X	X	X			X						
Cogestion d'Aire ouverte avec un médecin	06-CCS	Intégrer une médecin cogestionnaire au sein du service pour faciliter l’alignement clinique et favoriser une vision partagée en contexte de tension entre le pouvoir médical et le pouvoir des gestionnaires dans le RSSS.	Médecin						X													X			"https://projetaire.com/wp-content/uploads/2026/06/08.pdf
https://projetaire.com/wp-content/uploads/2026/04/Affiches-journee-communaute-apprenante.pdf"	https://projetaire.com/wp-content/uploads/2026/04/Promouvoir-les-services-integres-pour-les-jeunes_Le-role-des-medecins-de-famille-dans-un-service-urbain-multidisciplinaire.pdf	
Intégration des médecins dans l’offre de service 	06-CCS	Prêt de service de l'équipe itinérance pour permettre la présence régulière des médecins généralistes (chaque semaine) et des psychiatres (aux deux semaines) sur le site.	Médecin									X			X										"https://projetaire.com/wp-content/uploads/2026/06/08.pdf
https://projetaire.com/wp-content/uploads/2026/04/Affiches-journee-communaute-apprenante.pdf"	https://projetaire.com/wp-content/uploads/2026/04/Promouvoir-les-services-integres-pour-les-jeunes_Le-role-des-medecins-de-famille-dans-un-service-urbain-multidisciplinaire.pdf	
Investir dans le soutien clinique 	06-CCS	Part du budget d'intervenants utilisé pour augmenter le ratio de supervision, en embauchant des coordinateurs cliniques spécialisés (ex. coordonnatrice clinique infirmière) pour soutenir l'équipe considérant un profil d'intervenants plus jeunes, le roulement de personnel et la complexité des besoins des usagers.	Soutien clinique														X					X					
Partenariat avec les écoles pour adultes 	06-CCS	Concentration des présences dans les écoles pour adultes plutôt que les écoles secondaires déjà investies par les autres services, afin de rejoindre les jeunes vulnérables.	Présence chez les partenaires						X	X		X				X							X				
Encadrer le démarchage	06-CCS	Clarifier une définition commune du reaching out : faire des présences régulières en duo (infirmière- intervenante psychosociale) dans des milieux prédéterminés, souvent des partenaires communautaires qui rejoignent des jeunes vulnérables. 	Pratique de démarchage							X		X											X				
Hormonothérapie pour jeunes trans 	06-CCS	Des médecins de première ligne à Aire ouverte formés, à jour, ouverts et rassurants pour les jeunes qui agissent en soutien aux médecins de famille dans la communauté : l’équipe d’Aire ouverte initie les traitements hormonaux, puis s’entend avec le médecin du GMF du jeune pour qu’il prenne la suite.	LGBTQ+		X				X			X			X	X	X	X									
Mobilité sur le territoire	06-EMTL	Les intervenants vont rencontrer les jeunes régulièrement hors des locaux d’Aire ouverte  (organismes, parcs, cafés, etc.) et utilisent des bureaux dans tous les CLSC comme espaces de rencontre mobiles.	Déplacement							X		X				X	X				X		X				
Assigner un intervenant spécifique par quartier	06-EMTL	Assigner un intervenant spécifique à un ou deux quartiers d’un territoire (quartier de Montréal) pour développer des liens avec les partenaires locaux (organismes communautaires, écoles, etc.).	Assignation territoriale						X	X		X				X	X				X	X	X		https://projetaire.com/wp-content/uploads/2026/06/05.pdf		
Tableau-outil de suivi du reaching out	06-EMTL	Développement d’un tableau-outil permettant de planifier, documenter et suivre les activités de reaching out et de développement du réseau de services intégrés jeunesse (RSIJ).	Outil de suivi			X			X	X												X					
Formulaire unifié d’analyse des besoins	06-EMTL	Formulaire d’évaluation commun à tous les professionnels (infirmiers, TES, TS, sexologues, etc.) avec une vision globale et interdisciplinaire de l’évaluation des besoins utilisé pour chaque jeune faisant une demande à Aire ouverte .	Questionnaire d'entrée			X					X											X					
Unité mobile Aire ouverte	09-CN	L’unité mobile Aire ouverte est un véhicule aménagé pour aller à la rencontre des jeunes dans les milieux qu’ils fréquentent (écoles, festivals, parcs, communautés éloignées, etc.). Elle est partagée entre les deux sites de la Côte-Nord, soit Sept-Îles et Baie-Comeau.	Unité mobile							X		X				X	X				X		X				
Salle commune 	09-CN	La salle commune d’Aire ouverte est un espace libre d’accès destiné aux jeunes de 12 à 25 ans dans le local d'Aire ouverte, leur permettant de socialiser, de se détendre et de s’approprier les services à leur rythme, sans obligation de rendez-vous.	Salle commune									X													https://projetaire.com/wp-content/uploads/2026/06/13.pdf		
Pairs-aidants issus de la communauté autochtone	09-CN	Intégrer une personne pair-aidante issue d’une communauté autochtone locale, idéalement capable de parler la langue de la communauté, afin de soutenir l’accueil, l’accompagnement, l’orientation et les suivis des jeunes	Adaptation culturelle		X				X			X	X			X					X		X			https://journals.sagepub.com/doi/10.1177/08445621211066765	https://espace.enap.ca/id/eprint/529/1/goyette_m_trousse_aire_ouverte2_20240920.pdf
Mécanismes de collaboration avec les communautés autochtones	09-CN	Impliquer les représentants des conseils de bande, des organismes et des jeunes autochtones dans les instances de gouvernance, travailler en collaboration avec l'agent de liaison autochtone du CISSS et s'assurer que toute intervention est planifiée avec le consentement des autorités locales et le soutien d'une personne-relais désignée par la communauté.	Adaptation culturelle						X			X									X	X	X				
Favoriser une offre de services culturellement sécurisante	09-CN	Intégrer la langue, les savoirs, les ressources et les références propres à la communauté, et former les équipes avec des membres des communautés pour offrir des services culturellement sécurisants.	Adaptation culturelle						X			X									X		X				
S’intégrer à la vie communautaire par une présence régulière et participative	09-CN	Être présent de façon continue dans les lieux et activités déjà investis par la communauté (maisons des jeunes, événements, activités culturelles et rassemblements), afin de créer des liens de confiance, de rendre les services plus accessibles et de les inscrire progressivement dans une relation de proximité plutôt que dans une logique d’intervention ponctuelle externe.	Adaptation culturelle						X	X		X				X					X	X	X				
Colocation permanente avec le CJE dans un centre d’achat	10-BJ	Le local principal a été implanté en colocation avec le Carrefour Jeunesse Emploi (CJE), et celui-ci se trouve dans un centre commercial, permettant un point d’accès central aux services. Le local a été aménagé de manière à ce que les bureaux pour les interventions Aire ouverte et ceux pour le CJE soient distincts, mais qu’une salle commune/attente soit partagée entre les deux services.	Local Aire ouverte						X	X		X				X							X				
Entente de service avec des travailleurs de proximité	10-BJ	Ententes de service conclues avec les travailleurs de proximité certaines localités du territoire pour assurer la couverture régionale complète malgré l’éloignement des localités.	Entente de services						X	X		X				X						X	X		https://projetaire.com/wp-content/uploads/2026/06/17.pdf		
Promotion des services avec les milieux scolaires	10-BJ	Collaboration avec les écoles secondaires, la formation générale aux adultes, la formation professionnelle et le cégep pour présenter Aire ouverte, rejoindre les jeunes dans leurs milieux et faire connaître les services.	Présence chez les partenaires						X	X		X				X											
Souper-rencontre pour rencontrer les jeunes d’une localité éloignée	10-BJ	Organisation d’un souper-rencontre avec des jeunes d’une petite localité afin de créer un premier contact, présenter les services et répondre à un besoin de socialisation avec d’autres jeunes.	Intervention ludique		X					X		X									X				https://projetaire.com/wp-content/uploads/2026/06/17.pdf		
Desserte régionale adaptée aux réalités d’un vaste territoire	10-BJ	Aire ouverte est pensée à l’échelle régionale plutôt qu’autour d’un seul site physique. Le modèle cherche à formuler une première réponse rapide aux jeunes de différentes localités, malgré les distances, les faibles densités de population et les trous de services.	Entente de services									X				X						X	X		https://projetaire.com/wp-content/uploads/2026/06/17.pdf		
Développement de la téléconsultation	10-BJ	Mise en place de services de consultation à distance pour rejoindre les jeunes dans les localités éloignées ou isolées.	Téléintervention		X	X				X		X				X	X						X		https://projetaire.com/wp-content/uploads/2026/06/17.pdf	https://www.sciencedirect.com/science/article/pii/S0165178121001451?casa_token=Eh791BlnA6EAAAAA:iHdgz-1GzSa6o_X67pgt5Hf_vMLlUb4pcZhalkEwIf0mnxCHtcQpHbSmtoq_VKwbymCGxd39cw	
Dégustation de plats avec les nouveaux arrivants	11-GAS	Organisation d’une activité culturelle de découverte des plats traditionnels, durant laquelle les nouveaux arrivants apportaient des mets typiques et Aire ouverte  fournissait des mets du Québec.	Adaptation culturelle		X					X										X	X		X		https://projetaire.com/wp-content/uploads/2026/06/15.pdf		
Corridor de service avec les autres programmes (listes d'attente)	11-GAS	Très grande proximité et collaboration entre Aire ouverte  et les intervenants à l’accueil/évaluation initiale des programmes. Lorsqu’un jeune est ciblé comme à risque de décrocher ou qu’il a été rejeté du programme, ce jeune est référé à Aire ouverte .	Trajectoire						X			X				X	X	X				X					
Accueil des jeunes adultes nouveaux arrivants à l'école	11-GAS	Tour des groupes-classe par l’infirmière AO dans les milieux de formation pour adultes afin d'accueillir les nouveaux arrivants, faire les premiers pas vers un lien de confiance et leur expliquer les services (favorisé par la proximité du local avec l’école).	Adaptation culturelle						X	X		X				X	X				X		X		https://projetaire.com/wp-content/uploads/2026/06/15.pdf		
Développement d'un régime d'assurance couvrant la santé mentale	11-GAS	Négociation avec la comptabilité pour offrir des délais de paiement aux jeunes sans assurance, réduire/mieux répartir les frais dans le temps. Sensibilisation des écoles accueillant des étudiants étrangers, menant à un forfait d'assurance obligatoire à tarif réduit avec une compagnie québécoise.	Adaptation culturelle						X			X				X	X	X					X		https://projetaire.com/wp-content/uploads/2026/06/15.pdf		
Présence régulière dans des organismes partenaires	11-GAS	Présences et ateliers en collaboration et présence dans les locaux des partenaires pour favoriser le contact avec d’autres jeunes et les relations avec ces partenaires.	Présence chez les partenaires						X	X		X				X					X	X					
Intervention à la demande de parents	11-GAS	Les parents peuvent aller à Aire ouverte pour formuler une demande en lien avec leur jeune.	Proches		X		X										X		X								
Activité d’été dans la communauté 	11-GAS	"Plusieurs activités d’été ludiques dans la communauté (parc, événements) : kiosque; événement BBQ (Aire ouverte  s’est doté d’un BBQ pour offrir gratuitement des Hot Dogs); activités sur le bord de la plage; 5 à 7 au Café du Cégep; promenade à certains endroits en offrant des MrFreeze/Yogourt Glacé.  "	Promotion des services						X	X						X					X						
Garage à musique	11-GAS	Collaboration avec la pédiatrie sociale sur le projet Garage à musique, pour lequel les écoles ciblent les jeunes en difficulté et les réfèrent au Centre de pédiatrie sociale de la région, qui les implique dans le développement d’un spectacle musical.	Intervention ludique		X			X	X									X		X	X	X					
Intervention familiale auprès de la fratrie/parents	11-GAS	Les intervenants fournissent des services à d’autres jeunes d’une même fratrie et font de l’intervention familiale auprès des parents (avec le jeune), afin de répondre à une demande d’un jeune. Ils peuvent également se déplacer à domicile pour rencontrer les jeunes.	Proches		X		X									X	X		X								
Offre de groupe pour jeunes TSA	11-GAS	Développement d’une offre de groupe pour les jeunes avec un TSA grâce à la présence d'une intervenante spécialisée avec cette clientèle dans l’équipe d’Aire ouverte .	Groupes et ateliers pour les jeunes		X												X										
Approche orientée vers les solutions	12-CA	Formation de l’ensemble de l’équipe à l’approche orientée vers les solutions, avec le soutien d’une experte externe. Cette démarche vise à renforcer les compétences d’intervention de l’équipe et à favoriser des rencontres brèves, concrètes et centrées sur les forces, les ressources et les pistes d’action possibles pour les jeunes.	Approche d'intervention		X												X			X						"https://journals.sagepub.com/doi/10.1177/13623613251320542
https://games.jmir.org/2021/2/e26575/
https://pubmed.ncbi.nlm.nih.gov/37065885/"	https://sante-mentale-jeunesse.usherbrooke.ca/wp-content/uploads/2024/01/Lauzier-Jobin-Massuard-Lavoie-et-Lane_2023_Guide-dapplication-de-lAOS-adaptee-a-Aire-ouverte-1.pdf
Événement jeux vidéo	12-CA	Organisation d’une activité mensuelle de jeux vidéo en groupe, encadrée par l’équipe, afin de rejoindre des jeunes plus isolés ou moins attirés par les services psychosociaux traditionnels. L’activité vise à favoriser la socialisation, à développer les habiletés sociales et à créer un contexte ludique propice au lien avec les intervenants.	Intervention ludique		X				X			X				X		X		X	X				https://projetaire.com/wp-content/uploads/2026/06/12.pdf	"https://journals.sagepub.com/doi/10.1177/13623613251320542
https://games.jmir.org/2021/2/e26575/
https://pubmed.ncbi.nlm.nih.gov/37065885/"	
Événement Donjons et Dragons	12-CA	Événement de jeu de rôle collaboratif utilisé comme outil d’intervention pour stimuler la socialisation, l’imagination et la coopération entre jeunes, à partir d’une demande du milieu communautaire. 	Intervention ludique		X				X							X		X		X	X				https://projetaire.com/wp-content/uploads/2026/06/12.pdf	https://journals.sagepub.com/doi/10.1177/10468781211073720	
Élargir la tranche d’âge de l’offre de services	12-CA	Assouplissement de la tranche d’âge cible afin d’accueillir des jeunes adultes de plus de 25 ans qui se présentent spontanément à Aire ouverte et qui vivent une situation de vulnérabilité. Cette pratique permet de répondre à un vide de services pour certains jeunes adultes désaffiliés, en misant sur les besoins réels plutôt que sur les seuls critères administratifs.	Élargir l'âge									X				X		X				X	X				
Souper socialisation	12-CA	Activité conviviale mise en place pour retisser des liens sociaux entre jeunes vulnérables ayant vu leurs habiletés relationnelles diminuer depuis la pandémie.	Intervention ludique		X							X								X	X				https://projetaire.com/wp-content/uploads/2026/06/12.pdf		
Réduction du nombre de rencontre	13-Lav	Suivis psychosociaux de courte durée, inspirés de l’approche centrée sur les solutions, axés sur un besoin prioritaire plutôt que sur une évaluation globale, avec un cadre clair présenté dès le départ, une estimation précoce du niveau de besoin permettant une référence rapide vers des services à moyen ou long terme si nécessaire, une pause après cinq rencontres pour intégrer les acquis, et une porte ouverte pour un retour sans barrière ni jugement.	Approche d'intervention		X															X		X					
Ateliers thématiques Aire ouverte	13-Lav	Offre de trois ateliers ponctuels d’environ 1h30, portant sur des thèmes sensibles comme les relations amoureuses, les ITSS et la gestion des émotions. Réalisés dans les locaux de partenaires, ces ateliers servent à créer un premier contact avec les jeunes, à faire connaître Aire ouverte et à développer un lien de confiance, tout en s’adaptant aux besoins exprimés par les milieux.	Groupes et ateliers pour les jeunes		X			X	X	X						X					X		X				
Station Aire ouverte/Agents de liaison	13-Lav	Déploiement de stations Aire ouverte dans des organismes jeunesse partenaires, comme le CJE et un organisme en travail de rue, où un agent de liaison financé par Aire ouverte agit comme relais dans le milieu. Cette présence régulière permet de repérer les jeunes, de créer des liens, de faciliter l’accès aux services et de renforcer la circulation entre Aire ouverte et les partenaires du territoire.	Liaison partenaire						X	X		X				X					X	X	X		https://projetaire.com/wp-content/uploads/2026/06/02.pdf		
Implication des jeunes sur le terrain	13-Lav	Les jeunes du comité d’Aire ouverte Laval s’impliquent sur le terrain comme ambassadeurs en coanimant des kiosques et en échangeant avec leurs pairs, dans un cadre volontaire tout en étant accompagnés. Ils vont notamment participer à la coanimation des ateliers.	Participation des jeunes					X		X						X				X	X						https://espace.enap.ca/id/eprint/531/1/goyette_m_trousse_aire_ouverte4_20240920.pdf
Offre d’ateliers sur mesure en partenariat	14 - Lan	Des ateliers abordant des thématiques variées (ITSS, contraception, relations sexuelles, estime de soi, la dépendance, la santé mentale et le développement adolescent) sont offerts par Aire ouverte , notamment chez les partenaires (O.C., CFA, CFP, hébergement, etc.). Ces ateliers sont conçus en réponse au besoin exprimé par le partenaire et coanimés par des membres de l’équipe et parfois par des intervenants partenaires.	Groupes et ateliers pour les jeunes		X			X	X	X						X	X										
Appel à projet pour financement des O.C. basé sur les besoins régionaux	14 - Lan	Un appel à projets annuel permet de financer des projets d’organismes communautaires en lien avec les besoins des jeunes identifiés par la santé publique régionale, avec un comité de sélection comprenant l'équipe clinique, les partenaires et les jeunes du comité.	Budget partenariat					X	X							X	X			X							
Assigner un intervenant spécifique par territoire	14 - Lan	Assignation d'un intervenant Aire ouverte  par territoire (nommé localement agent de liaison) qui assure le partenariat avec les organismes locaux, siège à une instance de concertation et centralise toutes les demandes en lien avec les partenaires. 	Assignation territoriale						X	X		X				X							X		https://projetaire.com/wp-content/uploads/2026/06/10.pdf		
Collaboration avec les autres régions	14 - Lan	Les intervenants d’Aire ouverte collaborent interrégionalement pour répondre aux besoins des jeunes en facilitant les références, accompagnant les jeunes transférés et coordonnant certaines références spécialisées via des IPS en santé mentale.	Trajectoire						X								X				X	X					
Participation à la foire des organismes 	14 - Lan	Développement d’un kiosque Aire ouverte pour les foires des organismes locaux, qui présente le service et inclut un atelier pleine conscience. 	Partenariats clés						X	X						X											
Intégration de jeunes dans la promotion 	14 - Lan	Présence de jeunes aux kiosques et distribution de porte-clés fabriqués par des jeunes membres du comité lors d’activités promotionnelles, contribuant ainsi à l’appropriation et à la créativité.	Promotion des services					X		X						X				X	X						https://espace.enap.ca/id/eprint/531/1/goyette_m_trousse_aire_ouverte4_20240920.pdf
Participation à Ma famille, Ma communauté	14 - Lan	Intégration d’Aire ouverte dans le programme Ma famille, Ma communauté du Centre jeunesse, qui vise à impliquer la famille et la communauté dans les décisions concernant le parcours du jeune (sorte d’approche WrapAround ?). 	Partenariats clés				X		X										X			X					https://espace.enap.ca/id/eprint/531/1/goyette_m_trousse_aire_ouverte4_20240920.pdf
Formation du personnel en lien avec la mission de l’Esprit-Saint 	14 - Lan	Formation offerte aux intervenants afin de mieux comprendre les réalités vécues par certains jeunes et familles en lien avec la Mission de l’Esprit-Saint. L’atelier, animé par une personne ayant une expérience vécue de ce contexte, vise à outiller l’équipe pour intervenir avec plus de sensibilité, de prudence et de compréhension auprès des jeunes concernés.	Adaptation culturelle														X				X		X				
Approche centrée sur les solutions et participation au projet de recherche 	14 - Lan	Participation de l’équipe Aire ouverte à un projet de recherche et à des formations sur l’approche centrée sur les solutions. Cette démarche vise à soutenir le développement des compétences cliniques de l’équipe et à renforcer une posture d’intervention centrée sur les forces.	Approche d'intervention		X												X									https://pubmed.ncbi.nlm.nih.gov/37065885/	
Cellulaire de garde	14 - Lan	Gestion du cellulaire de service par les intervenants plutôt que par un agent administratif, afin d’assurer une réponse rapide et clinique aux appels ou demandes des jeunes. Cette organisation permet un premier contact plus immédiat, mieux qualifié et mieux adapté aux besoins exprimés du jeune.	Téléintervention		X	X											X										
Stratégie proactive et politique de développement des partenariats communautaires 	15-Lau	Déploiement d’une stratégie proactive pour développer et maintenir les partenariats communautaires dès l’implantation d’Aire ouverte. L’équipe présente Aire ouverte comme un service complémentaire, ouvert à la critique et soucieux de reconnaître l’expertise des organismes du territoire.	Présence chez les partenaires						X													X	X		https://projetaire.com/wp-content/uploads/2026/06/16.pdf		
Formaliser les attentes liées au volet communautaire du poste	15-Lau	Clarification et formalisation des attentes liées au volet communautaire du rôle d’intervenant Aire ouverte, afin que le développement des liens avec le milieu soit reconnu comme une responsabilité aussi importante que le suivi clinique. Cette pratique comprend notamment la participation aux tables de concertation, le démarchage, le développement de liens avec les partenaires et la contribution à la visibilité d’Aire ouverte sur le territoire	Spécificités du modèle 						X													X					
Utilisation stratégique des fonds RSIJ 	15-Lau	Utilisation proactive de l’enveloppe RSIJ pour financer des projets jeunesse portés par des organismes du territoire, tout en améliorant la crédibilité d’Aire ouverte comme partenaire communautaire. Le processus mobilise un comité d’analyse composé de partenaires, d’un jeune et de membres d’AO, ainsi que des critères favorisant la collaboration entre organismes.	Budget partenariat					X	X													X	X				
Soirées 16-25 ans pour pallier le vide après la maison des jeunes	15-Lau	Organisation de soirées mensuelles pour les jeunes de 16 à 25 ans, en collaboration avec différents organismes du territoire, afin d’offrir un espace informel, socialisant et non stigmatisant après l’âge des maisons des jeunes. Les activités combinent nourriture, jeux et ambiance décontractée, avec parfois l’intégration de thématiques psychosociales.	Trajectoire						X			X				X	X				X						
Promouvoir un modèle de proximité : déplacement terrain + téléintervention au besoin	15-Lau	Mise en place d’un modèle de proximité comprenant les déplacements des intervenants vers les jeunes dans un territoire vaste et dispersé, avec recours à la téléintervention lorsque la situation s’y prête. Cette pratique vise à maintenir un accès aux services malgré les distances, tout en privilégiant le face-à-face pour les premiers contacts avec les jeunes plus vulnérables ou anxieux.	Téléintervention		X	X				X		X				X	X				X		X				
Aire ouverte prend l’air (intervention par le sport)	16-MC	« Aire ouverte prend l’air » est une approche d’intervention par l’aventure simplifiée qui utilise des activités extérieures (ex. escalade, randonnée, rafting) avec préparation et retour réflexif pour favoriser le dépassement de soi, la socialisation, la confiance et l’engagement durable des jeunes. Elle est parfois réalisée en collaboration avec la maison des jeunes.	Intervention ludique		X				X						X	X					X				https://projetaire.com/wp-content/uploads/2026/06/01.pdf	https://www.sciencedirect.com/science/article/pii/S0149718915300094	
Intervention par les jeux vidéos	16-MC	Organisation de tournois de jeux vidéo intégrant une activité  avec préparation et retour réflexif qui utilise les intérêts communs des jeunes pour briser l’isolement, favoriser la socialisation et créer un pont vers la Maison des jeunes et d’autres lieux d’implication.	Intervention ludique		X																X	X				"https://journals.sagepub.com/doi/10.1177/13623613251320542
https://games.jmir.org/2021/2/e26575/
https://pubmed.ncbi.nlm.nih.gov/37065885/"	
“Booking” pour la prise de rendez-vous	16-MC	Utilisation de la fonction “Booking” de Microsoft pour une prise de rendez-vous plus facile et mieux adaptée à la réalité des jeunes.	Prise de rendez-vous			X										X											
Booking dans les milieux partenaires	16-MC	Utilisation de la fonction Bookings de Microsoft pour faciliter la prise de rendez-vous, y compris lors des présences chez les partenaires.	Prise de rendez-vous			X			X	X		X				X						X					
Routine de présence dans les milieux	16-MC	Présence d'un intervenant planifiée aux 2 semaines selon un horaire fixe chez différents partenaires (maison des jeunes, CJE, école des adultes), avec coanimation d'ateliers avec le personnel et possibilité de rencontres avec/sans rendez-vous.	Présence chez les partenaires						X	X		X									X	X					
Unité mobile (intervention)	16-MC	Utilisation de l'unité mobile pour se déplacer à la rencontre des jeunes suivant une prise de rendez-vous (3 plages par semaine).	Unité mobile		X							X				X		X					X				
Unité mobile (promotion)	16-MC	Utilisation de l'unité mobile pour la promotion des services lors d'événements comme le festival des montgolfières, incluant un plan de communication.	Unité mobile							X						X											
Promotion via les réseaux sociaux	16-MC	Déploiement d'une stratégie de communication sur les médias sociaux pour faire la promotion des services et de la sensibilisation, incluant des tirages conditionnels à l'abonnement des jeunes aux comptes d'Aire ouverte.	Réseaux sociaux			X				X						X											
Sondage d'opinion des jeunes	16-MC	Sondage d’opinion des jeunes déployé lors des tournées promotionnelles, incluant un code QR et un tirage pour stimuler l'intérêt.	Sondage			X		X									X			X							https://espace.enap.ca/id/eprint/531/1/goyette_m_trousse_aire_ouverte4_20240920.pdf
Passerelle des autres services vers Aire ouverte 	16-MC	Formation et développement d'un processus de pré-évaluation par les intervenants d'autres programmes (SM/jeunesse) pour orienter rapidement vers Aire ouverte lorsqu'ils identifient un besoin pouvant être réglé rapidement ou un jeune à risque de décrocher des services.	Trajectoire						X			X					X					X					
Collaboration avec CAFE pour les jeunes réfractaires	16-MC	Collaboration avec le programme CAFE pour inclure Aire ouverte comme filet de sécurité, particulièrement lorsque le jeune est réfractaire à l'intervention familiale proposée par CAFE.	Trajectoire						X			X									X						
Filet de sécurité pour jeunes en santé mentale 	16-MC	Arrimage direct entre Aire ouverte et les services de santé mentale jeunesse et adulte afin qu'Aire ouverte  puisse soutenir le jeune lorsqu'il est sur la liste d'attente, et servir d'alternative pour les jeunes ne s'engageant pas dans le processus d'intervention traditionnel.	Trajectoire						X			X				X	X										
Rapport de suivi des activités de outreach	16-MC	Création d’un rapport annuel en plus des redditions officielles permettant la quantification des heures d’outreach par milieu afin de mesurer l’investissement des intervenants dans la communauté.	Outil de suivi			X				X	X											X	X				
Responsable du partenariat	16-MC	Embauche d'une personne ayant un rôle de responsable du partenariat qui siège sur toutes les tables de concertation et entretient des liens avec les partenaires externes pour identifier les trous de services et la manière dont Aire ouverte  peut s'impliquer.	Espace de concertation						X																		
Mécanisme de vigie de partenaire	16-ME	Mise en place d’une vigie pour alimenter les dynamiques partenariales afin de mieux comprendre les relations, les tensions, les alliés et les acteurs plus silencieux du milieu communautaire. Cette pratique permet de préparer les rencontres de partenaires, d’ajuster le discours d’Aire ouverte et de favoriser une participation plus partagée des représentants communautaires dans les comités.	Espace de concertation						X													X	X		https://projetaire.com/wp-content/uploads/2026/06/19.pdf		
Travail de clarification du mandat et des critères de référence d'Aire ouverte 	16-ME	Travail de sensibilisation auprès des gestionnaires, spécialistes et équipes internes afin de clarifier ce qu’est Aire ouverte, ce qu’il n’est pas, et dans quelles situations les jeunes peuvent être référés vers le service.	Trajectoire 									X										X					
Rencontres individuelles dans les organismes	16-ME	Rencontres informelles, souvent réalisées dans les organismes et parfois autour d’un repas, permettant de créer un lien direct avec les personnes importantes du milieu. Ces rencontres permettent de comprendre les attentes, d’identifier les irritants et de construire une base de confiance.	Présence chez les partenaires						X														X				
Projet d’immersion avec les policiers	16-ME	Projet à Longueuil où des policiers viennent passer une journée à Aire ouverte afin de mieux comprendre le service.	Présence chez les partenaires						X													X					
Coconstruction du projet Aire ouverte	16-ME	Mise en place d’une démarche de coconstruction du projet Aire ouverte avec les jeunes, les organismes communautaires, le milieu scolaire et les acteurs du CISSS. Cette démarche nécessite un rythme lent, des rencontres , une gouvernance partagée, la reconnaissance de l’expertise des partenaires et une volonté de construire un langage commun avant l’implantation du service.	Espace de concertation					X	X			X									X	X					
Spécialisation dans l'intervention à séance unique	16-MO	Formation de l’ensemble de l’équipe à l’intervention à séance unique pour adopter un modèle clinique adapté au contexte d’Aire ouverte. Cette approche permet d'accueillir rapidement la demande, cibler le besoin prioritaire de la personne et offrir des outils concrets dès la rencontre, de manière à ce que chaque intervention puisse être utile en elle-même.	Approche d'intervention		X												X										
Douche dépannage pour les jeunes	16-MO	Utilisation de la douche intégrée au local Aire ouverte pour répondre à des besoins ponctuels d’hygiène chez des jeunes en situation d’itinérance ou de grande précarité.	Dépannage									X			X	X	X	X			X						
Intervention par l'art	16-MO	Organisation d’ateliers d’art durant l’été, animés par une artiste en collaboration avec l’équipe d’intervention, afin de rejoindre des jeunes vivant des enjeux de santé mentale, qu’ils soient déjà suivis ou en attente de services. L’activité permet un cadre créatif et moins formel avec le service  pour favoriser l’expression de soi, la socialisation et le lien avec les intervenants.	Intervention ludique		X				X			X				X				X	X				https://projetaire.com/wp-content/uploads/2026/06/04.pdf	https://acamh.onlinelibrary.wiley.com/doi/abs/10.1111/jcpp.13900	
Routine de présence dans les milieux	16-MO	À la suite d’un déménagement, maintien d’une présence régulière d’un intervenant Aire ouverte chez différents partenaires, selon un horaire fixe, notamment au CJE et dans une école pour jeunes décrocheurs. Cette présence permet d'organiser des rencontres sans rendez-vous et de maintenir l’accès aux services dans des milieux déjà fréquentés par les jeunes.	Présence chez les partenaires						X	X						X					X	X					
Financement d'intervenants communautaires	16-MO	Entente de services avec des organismes communautaires afin de financer une partie du salaire de deux intervenants chargés de développer un milieu de vie pour les jeunes.	Entente de services						X														X				
